,Last Name,First Name,height,weight,bmi
0,Bacot,Armando,83,240,26.666183233603753
1,Davis,RJ,72,180,26.577450274348422
2,Cadeau,Elliot,73,180,25.85428827589082
3,High,Zayden,80,200,23.919705246913576
4,Ryan,Cormac,74,210,29.353619294970645
5,Trimble,Seth,75,185,25.174160899862823
6,Wojcik,Paxson,78,184,23.149116451976848
7,Washington,Jalen,74,205,28.654723597471342
8,Lebo,Creighton,72,190,28.053975289590003
9,Landry,Rob,70,215,33.585218795666414
